test_acc,test_loss,test_jac
0.933263823987539,0.1868091,0.47186062261462214
