test_acc,test_loss,test_jac
0.9289543836226078,0.17777851,0.3098083124274299
