test_acc,test_loss,test_jac
0.9767886070315976,0.059612036,0.7301230544135684
