test_acc,test_loss,test_jac
0.9517697670968699,0.1223738,0.49737773267995744
