test_acc,test_loss,test_jac
0.9150165498442367,0.218038,0.25723356530070307
