test_acc,test_loss,test_jac
0.941813707165109,0.18889277,0.5400501765310765
